{
  "project_info": {
    "project_number": "345120937979",
    "firebase_url": "https://athena99-3e292.firebaseio.com",
    "project_id": "athena99-3e292",
    "storage_bucket": "athena99-3e292.appspot.com"
  },
  "client": [
    {
      "client_info": {
        "mobilesdk_app_id": "1:345120937979:android:2573d6f6c36d18de611d5e",
        "android_client_info": {
          "package_name": "com.quickblox.sample.videochat.kotlin"
        }
      },
      "oauth_client": [
        {
          "client_id": "345120937979-49p9aatqq50rd7qnmq01j2sch8j0v1fc.apps.googleusercontent.com",
          "client_type": 3
        }
      ],
      "api_key": [
        {
          "current_key": "AIzaSyA2SZv3XDHCPYVvvKqhX4vPvlTDyerf9Bg"
        }
      ],
      "services": {
        "appinvite_service": {
          "other_platform_oauth_client": [
            {
              "client_id": "345120937979-49p9aatqq50rd7qnmq01j2sch8j0v1fc.apps.googleusercontent.com",
              "client_type": 3
            }
          ]
        }
      }
    }
  ],
  "configuration_version": "1"
}